produto,preco_real,imagem_url,rating,peso_g,preco_100g,categoria
Casquinha Cobertura Chocolate Marvi Café Cup Caixa 60g 6 Unidades,29.9,https://http2.mlstatic.com/D_Q_NP_2X_911973-MLU77865906399_072024-V.webp,4.6,60.0,49.83,Café
Café Torrado e Moído Tradicional Pilão Pacote 500g,28.14,https://http2.mlstatic.com/D_Q_NP_2X_713401-MLU74486524762_022024-V.webp,4.9,500.0,5.63,Café
Café em Grao Torrado Expresso Arábica Torra Escura Grãos 1kg Gourmet Cafe Italle,99.9,https://http2.mlstatic.com/D_Q_NP_2X_741763-MLB48482476260_122021-V.webp,4.5,1000.0,9.99,Café
Café Torrado e Moído Tradicional Melitta Pacote 500g,32.9,https://http2.mlstatic.com/D_Q_NP_2X_601967-MLU74111685360_012024-V.webp,4.9,500.0,6.58,Café
Café Em Pó Torrado E Moído Tradicional 500g 3 Corações,32.9,https://http2.mlstatic.com/D_Q_NP_2X_852763-MLU75983596765_042024-V.webp,4.9,500.0,6.58,Café
Café instantâneo cappuccino 3 Corações Cappuccino Classic sem glúten caixa 200g,22.13,https://http2.mlstatic.com/D_Q_NP_2X_657053-MLU72565717150_112023-V.webp,4.8,200.0,11.06,Cappuccino
Cafe Graos Torrado Torra Media Arábica Em Grãos 1kg Gourmet,99.9,https://http2.mlstatic.com/D_Q_NP_2X_834975-MLU72699934023_112023-V.webp,4.2,1000.0,9.99,Café
Cappuccino Classic Solúvel - Três 3 Corações Vending 1kg,78.98,https://http2.mlstatic.com/D_Q_NP_2X_669844-MLB47965020413_102021-V.webp,4.9,1000.0,7.9,Cappuccino
Café Em Grãos Helena 1kg 100% Arábica,109.2,https://http2.mlstatic.com/D_Q_NP_2X_700932-MLU74609288947_022024-V.webp,4.7,1000.0,10.92,Café
Café Torrado e Moído Extraforte Pilão Pacote 500g,41.4,https://http2.mlstatic.com/D_Q_NP_2X_889875-MLU74227152865_012024-V.webp,4.9,500.0,8.28,Café
Café Gourmet Torrado/moido 100% Árabica Aromas Baggio 250gr Aroma Chocolate Com Avelã,35.9,https://http2.mlstatic.com/D_Q_NP_2X_743377-MLA81472532983_122024-V.webp,4.9,250.0,14.36,Café
Café Solúvel Liofilizado Instantâneo Itália Seleção 510g,127.45,https://http2.mlstatic.com/D_Q_NP_2X_824964-MLU77951167596_082024-V.webp,4.8,510.0,24.99,Café
Café Melitta 500g Torrado E Moído A Vácuo,37.01,https://http2.mlstatic.com/D_Q_NP_2X_786667-MLB53182203688_012023-V.webp,4.8,500.0,7.4,Café
Café Torrado E Moído Sabor Da fazenda Pacote 500g Melitta,49.9,https://http2.mlstatic.com/D_Q_NP_2X_685613-MLA81597532667_122024-V.webp,4.8,500.0,9.98,Café
Café Torrado e Moído a Vácuo Extraforte Pilão Pacote 500g,19.83,https://http2.mlstatic.com/D_Q_NP_2X_758299-MLU74218963037_012024-V.webp,4.9,500.0,3.97,Café
Café Orgânico Especial Harpia Coffee Torrado Em Grãos 1 Kg,98.99,https://http2.mlstatic.com/D_Q_NP_2X_923657-MLU78700848596_092024-V.webp,4.6,1000.0,9.9,Café
Bebida Cappuccino Qualimax Tradicional 1kg Máquinas Vending,76.44,https://http2.mlstatic.com/D_Q_NP_2X_717502-MLU74419718452_022024-V.webp,4.8,1000.0,7.64,Cappuccino
Café torrado e moído a vácuo tradicional pacote 500g 3 Corações,27.1,https://http2.mlstatic.com/D_Q_NP_2X_915891-MLU72341214315_102023-V.webp,4.9,500.0,5.42,Café
Café Torrado e Moído Bourbon Amarelo Orfeu 250g,39.9,https://http2.mlstatic.com/D_Q_NP_2X_816407-MLA81129812725_122024-V.webp,4.8,250.0,15.96,Café
Café Torrado em Grãos Espresso Pilão Pouch 1kg,130.95,https://http2.mlstatic.com/D_Q_NP_2X_978672-MLA75698756866_042024-V.webp,4.8,1000.0,13.09,Café
Café Solúvel Liofilizado Intense L'or Vidro 130g,46.75,https://http2.mlstatic.com/D_Q_NP_2X_844737-MLU73513488947_122023-V.webp,4.9,130.0,35.96,Café
Café Illy Grãos Arabica Selection Guatemala - 250g,69.9,https://http2.mlstatic.com/D_Q_NP_2X_726532-MLU72644635049_112023-V.webp,5.0,250.0,27.96,Café
Power Focus Café Bullet Coffee Bulletproof 380g,184.9,https://http2.mlstatic.com/D_Q_NP_2X_950972-MLU74126707165_012024-V.webp,4.9,380.0,48.66,Café
Café Torrado e Moído a Vácuo Extraforte Pacote 500g 3 Corações,15.9,https://http2.mlstatic.com/D_Q_NP_2X_847118-MLU73111270319_112023-V.webp,4.8,500.0,3.18,Café
Café Cevada Solúvel Torrada E Moída Superbom Pote 200g,28.6,https://http2.mlstatic.com/D_Q_NP_2X_853435-MLU74224829825_012024-V.webp,4.9,200.0,14.3,Café
Café Gourmet Em Grãos Vô Luiz Arábica 1kg,78.9,https://http2.mlstatic.com/D_Q_NP_2X_808980-MLB43285199649_082020-V.webp,5.0,1000.0,7.89,Café
Café Solúvel Iguaçu Gourmet Kit Com 2 Unidades De 100g,78.65,https://http2.mlstatic.com/D_Q_NP_2X_857143-MLU70675823784_072023-V.webp,,100.0,78.65,Café
Café Torrado em Grãos Bravo Café Gourmet Pacote 1kg,89.9,https://http2.mlstatic.com/D_Q_NP_2X_754948-MLA79855720243_102024-V.webp,4.9,1000.0,8.99,Café
Café Torrado e Moído a Vácuo Tradicional Caboclo Pacote 500g,29.39,https://http2.mlstatic.com/D_Q_NP_2X_695397-MLU74221379991_012024-V.webp,4.7,500.0,5.88,Café
Café Torrado e Moído Clássico Orfeu Caixa 250g,31.49,https://http2.mlstatic.com/D_Q_NP_2X_683277-MLU74218953227_012024-V.webp,4.9,250.0,12.6,Café
Café torrado e moído tradicional a vácuo 500g 3 Corações,39.99,https://http2.mlstatic.com/D_Q_NP_2X_948143-MLU72836550333_112023-V.webp,4.9,500.0,8.0,Café
Café Torrado e Moído a Vácuo Descafeinado 3 Corações Pacote 250g,25.19,https://http2.mlstatic.com/D_Q_NP_2X_935373-MLU74111635044_012024-V.webp,4.8,250.0,10.08,Café
Café Especial 500g Moído,54.9,https://http2.mlstatic.com/D_Q_NP_2X_968801-MLU74859053492_032024-V.webp,4.6,500.0,10.98,Café
Café instantâneo cappuccino Café do Centro Solúvel tradicional sem glúten pacote 1 kg,54.06,https://http2.mlstatic.com/D_Q_NP_2X_926526-MLA74652687418_022024-V.webp,4.9,1000.0,5.41,Cappuccino
Kit 3 Cafés 250g Baggio Café Torrado E Moído,99.9,https://http2.mlstatic.com/D_Q_NP_2X_826200-MLU76632118045_052024-V.webp,4.9,250.0,39.96,Café
Combo Cappuccinos 3 Corações Sabores 20g Pacote C/20 Sachês,57.99,https://http2.mlstatic.com/D_Q_NP_2X_645485-MLA80948824575_112024-V.webp,5.0,20.0,289.95,Cappuccino
Café Solúvel Granulado Qualitá Sachê 100g,14.69,https://http2.mlstatic.com/D_Q_NP_2X_660819-MLU75650619058_042024-V.webp,4.6,100.0,14.69,Café
Café Solúvel Liofilizado 100% Arábica Vidro 100g 3 Corações,46.18,https://http2.mlstatic.com/D_Q_NP_2X_962068-MLU75812868316_042024-V.webp,4.9,100.0,46.18,Café
Café Especial Tiger Espresso 1kg - Grãos - Doce E Intenso,136.0,https://http2.mlstatic.com/D_Q_NP_2X_708485-MLA80098345050_102024-V.webp,4.8,1000.0,13.6,Café
"Café Solúvel 1,3g Sache Bom Sabor Individual Stick 120 Und",77.95,https://http2.mlstatic.com/D_Q_NP_2X_733902-MLU73874446480_012024-V.webp,4.5,3.0,2598.33,Café
Café Torrado e Moído Estrada Real Premium Pacote 500g 3 Corações,36.39,https://http2.mlstatic.com/D_Q_NP_2X_953404-MLA75780264216_042024-V.webp,4.8,500.0,7.28,Café
Café Lor Solúvel Classic Sache 40g,14.19,https://http2.mlstatic.com/D_Q_NP_2X_619905-MLU72565850964_112023-V.webp,4.8,40.0,35.47,Café
Café Em Grãos Cru 100% Arábica - 2 Kg,139.99,https://http2.mlstatic.com/D_Q_NP_2X_622987-MLU78630422938_092024-V.webp,4.8,2000.0,7.0,Café
Cappuccino Light Sachê 3 Três Corações 10undx14g,21.62,https://http2.mlstatic.com/D_Q_NP_2X_818018-MLB50220171577_062022-V.webp,4.8,14.0,154.43,Cappuccino
Café Especial Torrado em Grãos Clássico Orfeu Pacote 1kg,122.01,https://http2.mlstatic.com/D_Q_NP_2X_918716-MLA83151884186_032025-V.webp,4.8,1000.0,12.2,Café
Café Solúvel Liofilizado Em Vidro Juan Valdez 95g Vanicanela,59.09,https://http2.mlstatic.com/D_Q_NP_2X_991253-MLB47920174841_102021-V.webp,4.8,95.0,62.2,Café
